keyword,count
movie,765
intern,700
jules,420
niro,391
deniro,357
anne,326
ben,283
film,275
hathaway,255
comedy,166
cast,138
,132
ending,116
actors,107
acting,98
movies,88
nancy,84
robert,68
meyers,58
story,54
ceo,54
characters,53
predictable,52
enjoyable,51
enjoyed,49
watch,47
entertaining,44
internship,44
russo,44
plot,41
critics,39
actor,39
whittaker,39
heartwarming,37
scenes,37
boring,35
interns,35
helpful,34
loved,33
films,33
chemistry,31
script,31
storyline,30
performances,27
comedies,27
recommend,25
charming,25
generation,24
theater,24
generations,23
review,23
heart,22
screenplay,22
old,22
feminism,21
cinema,21
nero,21
laughs,21
leads,21
audience,21
trailer,21
hollywood,21
scene,21
retirement,21
fiona,21
smile,20
drama,20
heartfelt,20
romance,20
conflict,20
seniors,20
pleasant,19
reviews,19
friendship,19
matt,19
rating,19
prada,19
family,19
casting,19
10,18
touching,18
moments,18
dialogue,18
cute,18
relationship,18
widower,18
handkerchief,18
writing,17
bad,17
end,17
dinero,17
funny,17
expected,16
music,16
stars,16
character,16
feminist,16
cinematography,15
fun,15
liked,15
genre,15
humor,15
director,15
life,15
elderly,15
clichés,15
mood,14
relaxing,14
laugh,14
bobby,14
women,14
love,14
holm,14
pleasantly,14
cliches,14
brooklyn,14
good,13
cliché,13
fashion,13
age,13
watchable,13
rom,13
romantic,13
woman,13
chick,13
imdb,13
actress,12
cheesy,12
2015,12
expectations,12
uplifting,12
office,12
disappointed,12
experience,12
oscar,12
tech,12
warm,11
gender,11
date,11
wholesome,11
wrong,11
minutes,11
business,11
affair,11
husband,11
act,10
hours,10
flick,10
fresh,10
senior,10
feel,10
ann,10
rene,10
cliche,10
entertainment,10
generational,10
daughter,10
twist,10
wife,10
refreshing,10
emotions,10
masseuse,10
paige,10
better,9
worth,9
cried,9
night,9
recommended,9
terrible,9
older,9
tears,9
role,9
watching,9
emotional,9
boss,9
hilarious,9
forgiveness,9
jokes,9
gentleman,9
anders,8
bland,8
subplots,8
stereotypes,8
retired,8
men,8
overall,8
home,8
marriage,8
masculinity,8
flaws,8
sentimental,8
premise,8
workplace,8
delightful,8
adam,8
netflix,8
score,8
special,8
myers,8
massage,8
believable,8
lines,8
soundtrack,8
spoilers,8
depth,7
entrepreneur,7
lessons,7
ends,7
wisdom,7
concept,7
lead,7
becky,7
realistic,7
aging,7
taxi,7
ended,7
trailers,7
sappy,7
infidelity,7
ostin,7
lesson,7
acted,7
elders,7
tone,7
light,7
paced,7
modern,7
pacing,7
day,7
sequel,7
fluff,7
ages,7
happiness,7
did,7
millennial,7
comedic,7
email,7
perfect,7
theaters,6
awful,6
rated,6
written,6
sweetest,6
simple,6
smiling,6
people,6
cringe,6
work,6
dialogues,6
apple,6
roles,6
whitaker,6
mentor,6
unrealistic,6
meyer,6
surprise,6
anna,6
commercial,6
heist,6
thumbs,6
adorable,6
grade,6
millennials,6
directing,6
waste,6
excellent,6
emotion,6
rent,6
laughter,6
charm,6
weekend,6
entertained,6
moral,6
awards,6
york,6
gangster,6
relationships,6
twists,6
thoughtful,6
best,6
bipolar,6
younger,6
harmless,6
miss,6
exciting,6
laughed,6
viewing,6
holiday,6
narrative,6
ageism,6
great,6
subplot,6
reviewers,6
boomers,5
like,5
teaches,5
said,5
dramedy,5
positive,5
handkerchiefs,5
facebook,5
masterpiece,5
problem,5
dramatic,5
favorite,5
compelling,5
balance,5
plane,5
attention,5
long,5
lovely,5
godfather,5
job,5
founder,5
world,5
2024,5
fish,5
twain,5
memorable,5
potential,5
fluffy,5
worst,5
really,5
surprises,5
audiences,5
expect,5
lighthearted,5
nice,5
crying,5
dark,5
tale,5
quirky,5
technology,5
disappointing,5
dvd,5
sad,5
idea,5
likable,5
theme,5
things,5
schmaltz,5
retire,5
adultery,5
fantastic,5
issues,5
arc,5
endearing,5
father,5
happy,5
theatre,5
wine,5
hearted,5
70,5
watched,5
change,5
fabulous,5
angry,5
violence,5
tear,5
career,5
writers,5
shallow,5
linda,5
weak,5
criticism,5
cozy,4
deep,4
critic,4
beginning,4
times,4
workaholics,4
sitcom,4
joy,4
gentlemen,4
realism,4
felt,4
greg,4
journey,4
heroes,4
pace,4
decent,4
success,4
friends,4
forgiving,4
mentorship,4
spoiler,4
youth,4
jason,4
hbo,4
just,4
hire,4
conclusion,4
substance,4
screen,4
wonderful,4
words,4
goodfellas,4
passion,4
warming,4
sexist,4
buena,4
half,4
nudity,4
mediocre,4
definitely,4
funnier,4
smart,4
spouse,4
witty,4
promising,4
overrated,4
classy,4
usb,4
hathway,4
mom,4
remember,4
skills,4
enjoyment,4
retirees,4
complaint,4
amazing,4
candy,4
spectacular,4
bob,4
meryl,4
employees,4
barf,4
forgettable,4
parents,4
different,4
flicks,4
rental,4
want,4
sensitive,4
provoking,4
buried,4
credits,4
oscars,4
think,4
talking,4
young,4
intergenerational,4
cynical,4
feminists,4
cheating,4
internships,4
bored,4
retiree,4
cameron,4
ethics,4
fantasy,4
simplicity,4
kushner,4
money,4
growth,4
businesswoman,4
decisions,4
new,4
gem,4
learn,3
enjoy,3
awesome,3
friendships,3
evolve,3
portrayed,3
okay,3
edgy,3
happens,3
luck,3
trash,3
mentoring,3
davis,3
condescending,3
events,3
tension,3
platonic,3
reality,3
upbeat,3
breath,3
criticisms,3
costume,3
inspired,3
nope,3
environment,3
calm,3
need,3
groundbreaking,3
earnest,3
performance,3
glad,3
surprisingly,3
horrible,3
quality,3
relax,3
cheese,3
dialog,3
parts,3
star,3
fail,3
focus,3
bride,3
class,3
annoying,3
ceos,3
thing,3
renee,3
hipster,3
stupid,3
oh,3
contrived,3
couple,3
budget,3
respect,3
cheers,3
lovable,3
fashioned,3
couldn,3
shorter,3
inspirational,3
julie,3
formula,3
forced,3
engaging,3
sex,3
yes,3
hubby,3
startup,3
make,3
divertida,3
timely,3
dull,3
regret,3
touched,3
finale,3
critique,3
disappointment,3
soul,3
talent,3
applause,3
place,3
right,3
advise,3
crisis,3
chauffeur,3
poignant,3
smiles,3
hotel,3
beauty,3
excited,3
15,3
warmth,3
clichéd,3
subtlety,3
shame,3
dad,3
time,3
execution,3
smiled,3
miscast,3
absolutely,3
feeling,3
school,3
hipsters,3
villain,3
slow,3
forgive,3
line,3
skip,3
dream,3
bow,3
romcom,3
novel,3
expectation,3
clothes,3
original,3
guidance,3
offensive,3
effort,3
robbery,3
salary,3
tai,3
ll,3
grandpa,3
portrayal,3
sleep,3
thought,3
adults,3
didn,3
diversity,3
lack,3
unbelievable,3
seriousness,3
background,3
interviews,3
factor,3
charismatic,3
protagonists,3
hatheway,3
important,3
melodramatic,3
situations,3
preview,3
slapstick,3
creative,3
meaning,3
costumes,3
society,3
direction,3
lacking,3
word,3
starts,3
firm,3
insult,3
busy,3
capitalism,3
talk,3
synopsis,3
difficulties,3
agenda,3
corny,3
problems,3
prejudice,3
topics,3
conflicts,3
man,3
ageist,3
imagine,3
bond,3
waiting,3
knowledge,3
proverbs,3
viewers,3
fiction,3
executive,3
unusual,3
say,3
suits,3
actresses,3
duo,3
mad,3
apology,3
house,3
shopping,3
trust,3
divertido,2
decision,2
messy,2
capitalist,2
bars,2
guy,2
heartstrings,2
kind,2
low,2
future,2
wind,2
colleague,2
mind,2
morale,2
teach,2
phones,2
save,2
42,2
consistent,2
tea,2
hanky,2
teared,2
inspiring,2
precious,2
90s,2
progressive,2
fockers,2
scripted,2
challenging,2
average,2
interview,2
assistant,2
slump,2
martian,2
teacher,2
apprentice,2
thoughts,2
points,2
bike,2
analog,2
team,2
devine,2
distraction,2
chilled,2
anticipated,2
pearlman,2
patriarchal,2
optimism,2
originality,2
flawed,2
hustle,2
disliked,2
authenticity,2
resolution,2
depressing,2
relatable,2
genuine,2
strong,2
horror,2
digital,2
geeks,2
workaholic,2
risks,2
ratings,2
comical,2
duration,2
roberto,2
possible,2
misogynistic,2
nervous,2
delicately,2
miranda,2
pleasurable,2
corporate,2
twice,2
failed,2
engaged,2
morals,2
nerio,2
hate,2
schedule,2
upstart,2
south,2
widowed,2
starbucks,2
rd,2
unassuming,2
millenials,2
map,2
scripts,2
denero,2
redbox,2
worker,2
industry,2
wish,2
friday,2
popcorn,2
chivalry,2
diniro,2
paired,2
predict,2
metacritic,2
rented,2
list,2
rdn,2
riveting,2
eh,2
entrepreneurs,2
glass,2
classic,2
diversion,2
flic,2
dribble,2
relaxed,2
rainy,2
themes,2
paternal,2
annie,2
gone,2
longer,2
agin,2
ride,2
happen,2
topic,2
rewatch,2
receptionist,2
stand,2
green,2
hurt,2
bombs,2
anxiety,2
notes,2
real,2
shoes,2
¼ð,2
melodrama,2
subject,2
60,2
asian,2
tropes,2
manhood,2
bickle,2
agree,2
ignorance,2
single,2
comedian,2
mother,2
lives,2
cheesiness,2
failing,2
wait,2
greatest,2
asleep,2
blinking,2
clever,2
unexpectedly,2
computer,2
cared,2
hand,2
laughing,2
sons,2
heartbeat,2
boredom,2
escape,2
surprised,2
historia,2
filmmakers,2
protagonist,2
chuckle,2
lost,2
stereotypical,2
reindeer,2
couples,2
sleeper,2
cares,2
left,2
bastante,2
saccharine,2
punches,2
seeing,2
excelente,2
lazy,2
mushy,2
successful,2
feministic,2
65,2
dilemma,2
feels,2
afternoon,2
hardly,2
stress,2
douche,2
lady,2
clean,2
abruptly,2
es,2
entertain,2
faults,2
cheerful,2
sweater,2
incompetent,2
fall,2
bomb,2
dramas,2
housewives,2
proves,2
award,2
disney,2
message,2
projects,2
boomer,2
environments,2
blu,2
sadly,2
conservative,2
commerce,2
romcoms,2
effective,2
missing,2
favorites,2
deniros,2
mark,2
come,2
moviegoers,2
girlfriend,2
superb,2
worse,2
issue,2
acts,2
opinion,2
century,2
japanese,2
healthy,2
horatio,2
subtle,2
sexual,2
refreshingly,2
spoil,2
matters,2
flat,2
fine,2
pathetic,2
chapters,2
empowerment,2
consequences,2
writes,2
sharks,2
pillows,2
printing,2
traveled,2
difficult,2
today,2
misogyny,2
competent,2
sentimentality,2
little,2
head,2
term,2
stereotype,2
flawless,2
cutest,2
fact,2
knew,2
value,2
differences,2
audi,2
grief,2
cheered,2
descent,2
2016,2
creepy,2
accomplishment,2
care,2
feminine,2
sit,2
unwatchable,2
manages,2
saddened,2
description,2
hell,2
supporting,2
happened,2
resume,2
amazon,2
impressed,2
scenario,2
gentle,2
uncomfortable,2
saccharin,2
workers,2
culture,2
rich,2
ask,2
audacity,2
sugar,2
intelligence,2
social,2
paradise,2
dud,2
point,2
natural,2
bucket,2
idealistic,2
questions,2
cold,2
interesting,2
sunshine,2
reveal,2
elevator,2
stressed,2
wedding,2
reminder,2
universe,2
fantasies,2
geezer,2
sloppy,2
hope,2
flaw,2
filler,2
delight,2
impeccable,2
force,2
humour,2
interning,2
rannells,2
shave,2
hallmark,2
witnessing,2
terrific,2
camera,2
dilemmas,2
wardrobe,2
14,2
leadership,2
mainstream,2
disasters,2
lame,2
critical,2
pleasantness,2
plots,2
vacations,2
rule,2
amanda,2
maybe,2
goldfinger,2
directors,2
illegal,2
amusing,2
vc,2
cheated,2
reasons,2
jule,2
awkward,2
prejudices,2
secret,2
pandemic,2
cuts,2
soap,2
verse,2
companies,2
belief,2
start,2
feelings,2
met,2
mafia,2
legend,2
talented,2
contemporary,2
does,2
cheer,2
possibilities,2
massages,2
expecting,2
weakness,2
viewer,2
wow,2
tales,2
plays,2
boy,2
goodbye,2
clothing,2
stage,2
notice,2
dialogs,2
impress,2
galaxy,2
hole,2
tarantino,2
short,2
satisfied,2
faces,2
balanced,2
emotionally,2
sexism,2
fourbytwos,2
shifts,2
feelgood,2
pensioner,2
park,2
struggled,2
spirits,2
portray,2
entretenimento,2
grandparents,2
company,2
macs,2
sunday,2
opportunities,2
sense,2
grow,2
sci,2
producer,2
overwhelmed,2
redemption,1
endings,1
sentido,1
outsider,1
harrassment,1
sound,1
suspenseful,1
hopeful,1
hats,1
stalking,1
awsome,1
pull,1
serviceable,1
aiming,1
vibe,1
protagonistas,1
references,1
therapist,1
classics,1
undemanding,1
interactions,1
production,1
rest,1
identify,1
taught,1
pays,1
finish,1
burglary,1
face,1
propias,1
minded,1
divertente,1
piacevole,1
magari,1
healing,1
occupation,1
jako,1
zuckerberg,1
facial,1
connected,1
community,1
fell,1
draws,1
gut,1
touchdown,1
narrativi,1
assolutamente,1
cringey,1
swearing,1
beatles,1
homemaker,1
bosses,1
later,1
chores,1
genocidal,1
datenight,1
garbage,1
boxxy,1
match,1
stoop,1
belly,1
law,1
confidant,1
bloom,1
snappers,1
pointless,1
hmmm,1
tensions,1
binge,1
realmente,1
cryyyy,1
bones,1
modernity,1
ya,1
carries,1
diabolical,1
turkeys,1
pathos,1
clunker,1
mess,1
adrift,1
cliched,1
propaganda,1
pretty,1
buddies,1
richness,1
vaughn,1
salesmen,1
butler,1
destination,1
bends,1
scott,1
nuance,1
mentors,1
journeys,1
villainy,1
overcoming,1
undermined,1
reels,1
polite,1
sociability,1
trivial,1
images,1
empathetic,1
attraction,1
tenderness,1
skate,1
mush,1
resonated,1
ugly,1
hart,1
pair,1
tumblr,1
caffeine,1
romántica,1
sky,1
saved,1
runs,1
disadvantaged,1
chivalrous,1
yawwwwn,1
spin,1
avoid,1
voice,1
library,1
store,1
esperado,1
precisa,1
study,1
exhilarated,1
actuaciones,1
ulogava,1
superman,1
meal,1
throughly,1
tribe,1
flygning,1
dragged,1
estupendos,1
entretenido,1
ageless,1
atleast,1
socks,1
elephant,1
cleanser,1
interior,1
ice,1
plain,1
tbs,1
cynicism,1
2nd,1
darker,1
dumb,1
ok,1
disneyesque,1
satire,1
sensitively,1
tweet,1
youngsters,1
puntership,1
annoyed,1
flight,1
xanax,1
americana,1
reccomend,1
lags,1
12,1
floor,1
ronin,1
express,1
lean,1
cgi,1
truckloads,1
affect,1
felicidad,1
amistad,1
gonna,1
hipsterfication,1
filmmaker,1
reconciles,1
cialis,1
roommate,1
marathon,1
vito,1
cost,1
graduates,1
motions,1
underwhelming,1
meaningful,1
discriminated,1
annoy,1
lamenting,1
prijemna,1
zhlidnuti,1
achieve,1
stagnant,1
connect,1
snooze,1
bien,1
películasenlosaviones,1
terrorized,1
jeans,1
slobbishness,1
scowl,1
ecommerce,1
hostel,1
featherlite,1
hype,1
pleasures,1
safe,1
rocky,1
playbook,1
ideja,1
larry,1
divina,1
encantã³,1
aarp,1
pulls,1
inneudo,1
profit,1
03,1
elokuva,1
figurehead,1
flix,1
alleviivaavaa,1
hyväntahtoinen,1
tuulinen,1
tekstittämättömästä,1
fossiiliudesta,1
ärsyttävä,1
saadaan,1
katsottavaksi,1
finished,1
sticks,1
dookies,1
tripe,1
props,1
overwhelming,1
involved,1
concluded,1
slower,1
rolls,1
knows,1
familia,1
recomendable,1
fenominal,1
jennifer,1
fan,1
away,1
hoing,1
musical,1
drink,1
songs,1
british,1
sleepless,1
maximal,1
correct,1
guilty,1
shiny,1
inspires,1
hardships,1
partner,1
pelicula,1
verla,1
surprising,1
superheroes,1
alchemy,1
app,1
smirk,1
valentines,1
van,1
cinemascore,1
echte,1
scenarioschrijven,1
filmcritici,1
greatness,1
slut,1
impulse,1
shits,1
palette,1
milennial,1
tween,1
terribly,1
hairy,1
heavyweight,1
fragrant,1
goes,1
flixdicks,1
kitchens,1
airplane,1
smartphones,1
contacts,1
lightweight,1
closure,1
dog,1
doctor,1
playful,1
unfolding,1
center,1
charmosphere,1
vuelvo,1
uninteresting,1
lamest,1
unbearable,1
weight,1
grounded,1
sickness,1
millionaire,1
bechdel,1
feminista,1
patético,1
lets,1
awake,1
progression,1
simpaticno,1
hatthaway,1
fear,1
gold,1
dramatization,1
stupidity,1
dancer,1
cheesier,1
kontorclips,1
røvforkælet,1
sætte,1
målgruppen,1
mig,1
trendy,1
encanto,1
motherfucker,1
filme,1
dosage,1
digest,1
educative,1
energy,1
estagiário,1
criatividade,1
identidade,1
joyable,1
esposo,1
underdog,1
screenwriting,1
authorship,1
cadence,1
grace,1
strings,1
asks,1
willy,1
josephamichael,1
let,1
lols,1
lacked,1
denise,1
reccommended,1
mellienial,1
pandering,1
damsel,1
absolutamente,1
congressman,1
kitchenette,1
kitchen,1
trainwreck,1
preaches,1
whitman,1
explained,1
major,1
closet,1
bird,1
paris,1
introduce,1
rain,1
marital,1
tutu,1
maa,1
sally,1
phenomenal,1
truly,1
genie,1
noticeable,1
sinatra,1
wars,1
google,1
distractions,1
consistente,1
resumo,1
pizza,1
stroking,1
straight,1
burried,1
consoling,1
preserve,1
het,1
la,1
slice,1
secretary,1
typewriters,1
ollu,1
lif,1
satisfying,1
darling,1
analytically,1
disturbed,1
cryer,1
sync,1
honestly,1
tomato,1
fans,1
waster,1
romantique,1
welcoming,1
travis,1
fuggin,1
rings,1
quoting,1
asinine,1
mammaw,1
died,1
accepted,1
blanket,1
simplest,1
transposition,1
54,1
laughable,1
bijna,1
zijn,1
told,1
guacamole,1
turn,1
adventure,1
grump,1
cheap,1
humorous,1
clichã,1
aux,1
stagiaires,1
symbolism,1
household,1
maddy,1
children,1
tangent,1
decepcionado,1
pretenciosa,1
carlos,1
poco,1
junk,1
likability,1
jake,1
gradually,1
effortless,1
50,1
implausible,1
engrossed,1
purpose,1
homicidal,1
management,1
respectful,1
breadwinner,1
75,1
rollercoaster,1
ground,1
takes,1
focker,1
gay,1
una,1
personaje,1
complacent,1
earnestness,1
cool,1
contrast,1
delivery,1
highbrow,1
brilliant,1
saw,1
drag,1
hiarious,1
hillourus,1
started,1
lengthy,1
charecter,1
chickflick,1
leave,1
heavy,1
perseverance,1
edwards,1
hatha,1
romp,1
uno,1
reticente,1
went,1
opposite,1
ba,1
normalcy,1
listened,1
hanging,1
singers,1
unconventional,1
denouement,1
appealing,1
patties,1
sadness,1
hat,1
got,1
employee,1
æµ,1
espectadores,1
une,1
filmgoing,1
kleenex,1
emociones,1
punish,1
bon,1
ways,1
5s,1
reese,1
applauded,1
draggy,1
celebration,1
comfortable,1
shoots,1
kids,1
errors,1
relativity,1
relieved,1
oldie,1
foul,1
respected,1
encouraging,1
suck,1
matinee,1
comicas,1
happily,1
break,1
forward,1
middling,1
slap,1
relevant,1
definite,1
observation,1
floss,1
julia,1
pena,1
intencionalmente,1
sllllloooowwwwwww,1
looonnnnnnnggggg,1
perfectly,1
disrespect,1
bills,1
embarrassing,1
hearfelt,1
freshess,1
grumpy,1
robin,1
decency,1
manners,1
cleaver,1
ticket,1
admirable,1
missteps,1
monologue,1
agreed,1
truth,1
quickly,1
building,1
deal,1
shocking,1
contribute,1
homespun,1
angels,1
barriers,1
actualization,1
cancer,1
boyhood,1
trite,1
shelters,1
brutal,1
shawshank,1
hepburn,1
cereal,1
cuss,1
planet,1
mundane,1
reacted,1
kills,1
unexpected,1
bone,1
giddiness,1
psychotics,1
crazy,1
sniffles,1
cutesy,1
nitwit,1
overlength,1
deeper,1
alice,1
outreach,1
frame,1
chalk,1
grudge,1
tricks,1
girly,1
seen,1
portrait,1
inoffensive,1
eve,1
sap,1
dislike,1
cords,1
ray,1
total,1
gritty,1
profound,1
whatsapp,1
yeah,1
stuff,1
flickð,1
bobbi,1
solomon,1
lot,1
62,1
evening,1
headed,1
hero,1
fleeting,1
sergio,1
polar,1
roadblocks,1
caricature,1
oven,1
pension,1
interested,1
going,1
lift,1
blazer,1
envy,1
hihihi,1
tender,1
impressive,1
babette,1
gaps,1
moment,1
drags,1
spend,1
year,1
affluent,1
napoleon,1
prozac,1
loud,1
auditorium,1
hysterically,1
formulaic,1
believability,1
royal,1
arigato,1
salaryman,1
humbleness,1
sayonara,1
behold,1
nose,1
mac,1
interface,1
incomplete,1
anticlimactic,1
soothing,1
bonded,1
hug,1
sweet,1
unreal,1
crystal,1
critiques,1
insightful,1
moved,1
nailed,1
avery,1
looked,1
track,1
poor,1
pajamas,1
escapism,1
embrace,1
overtones,1
55,1
ha,1
jerks,1
jerker,1
inteligent,1
houses,1
themed,1
turd,1
joyous,1
theory,1
launch,1
fairies,1
blecch,1
yuk,1
privileged,1
porn,1
worthwhile,1
naming,1
nauseous,1
jail,1
terrorist,1
jerry,1
cuteness,1
hankie,1
2ð,1
splitting,1
killing,1
multigenerational,1
perfectionist,1
motto,1
control,1
peg,1
broadminded,1
millers,1
slog,1
autumn,1
breezy,1
jojo,1
lol,1
weakest,1
ugh,1
bothers,1
baked,1
sweetness,1
parental,1
roar,1
predicable,1
nutritional,1
christmas,1
hard,1
blockbusters,1
rob,1
dallas,1
injoyable,1
sho,1
cryð,1
housekeeping,1
seattle,1
profanity,1
panemorfi,1
olokliri,1
katapliktikos,1
kalitero,1
poiotiki,1
slowly,1
foresight,1
scherer,1
struggles,1
technical,1
design,1
theodore,1
shapiro,1
unsatisfied,1
pg,1
1min,1
gosoundtracks,1
screener,1
kudos,1
wash,1
neio,1
cómica,1
cuddling,1
intelligently,1
nominations,1
birthday,1
foreshadowed,1
mary,1
bathtubs,1
somber,1
volveria,1
interaccion,1
pretentious,1
phoning,1
type,1
schmaltzy,1
crowd,1
awwww,1
bff,1
universal,1
dressed,1
development,1
beautifulâ,1
poodle,1
ridiculous,1
sensibility,1
relaxation,1
ensemble,1
spokojnost,1
takto,1
dnesnej,1
viudo,1
negocio,1
especialista,1
personajes,1
queriendo,1
lecciones,1
perfecto,1
tiempo,1
relacionarte,1
relación,1
igualmente,1
optimistic,1
magic,1
sure,1
lmao,1
hands,1
clapping,1
recallingâ,1
scores,1
lovefilm,1
escapist,1
157,1
vote,1
permalink,1
warmer,1
irresistible,1
lively,1
wry,1
bethany,1
seventy,1
17,1
leisure,1
78,1
farce,1
cruises,1
sags,1
equally,1
instagram,1
suffering,1
sleeping,1
managing,1
urgency,1
media,1
buy,1
muddled,1
mystery,1
murray,1
teaching,1
gawdalmighty,1
balls,1
acknowledged,1
whiney,1
egomaniacs,1
dammit,1
ranting,1
shlub,1
nuff,1
scratched,1
documentary,1
whining,1
passable,1
candidates,1
free,1
perfection,1
producers,1
recommending,1
habits,1
539,1
drinks,1
manipulated,1
subliminal,1
marinated,1
ocean,1
lucy,1
mon,1
tanks,1
screening,1
182,1
choose,1
intrigue,1
tweets,1
mock,1
betrayed,1
filmmaking,1
cuddly,1
try,1
tried,1
gandhi,1
discussion,1
45,1
lie,1
opening,1
tolerates,1
minute,1
counted,1
legs,1
know,1
result,1
postmodern,1
dads,1
demonstrate,1
moderns,1
doodlebug,1
fantastical,1
premiere,1
282,1
smithereens,1
road,1
139,1
illusion,1
vanishes,1
unfolds,1
because_x0085_,1
brat,1
bobby_x0085_,1
insanity,1
lego,1
trip,1
laughable_x0085_,1
triumph,1
therapy,1
supergirl,1
studio,1
harmony,1
nanny,1
contrite,1
housewife,1
dismays,1
archaic,1
twentysomethings,1
anemic,1
player,1
berserk,1
salesman,1
cape,1
hooray,1
atonal,1
tough,1
skinny,1
soggy,1
empathy,1
cellulose,1
bathrobes,1
saying,1
birds,1
nonsense,1
toon,1
schmaaaltzy,1
hateful,1
praising,1
checklist,1
boxes,1
shift,1
marches,1
wasted,1
crappola,1
workshop,1
93,1
crafted,1
knit,1
aspirations,1
synergies,1
26,1
pleasantville,1
prime,1
combo,1
holden,1
fashionable,1
dress,1
clash,1
manly,1
favour,1
parody,1
selflessness,1
appreciated,1
contributed,1
homages,1
raving,1
human,1
mannerisms,1
hapiness,1
relearn,1
hated,1
cat,1
bridal,1
ordeal,1
gun,1
lucid,1
antipathy,1
boon,1
briefcase,1
weeps,1
crone,1
bitter,1
sims,1
saint,1
adore,1
profession,1
seriously,1
32,1
daisy,1
arcs,1
flyer,1
highlights,1
lewis,1
doris,1
thrillers,1
peacefull,1
washy,1
suffered,1
slush,1
83,1
famous,1
cracking,1
climax,1
18,1
reviewed,1
entertainer,1
editing,1
art,1
absurd,1
platter,1
staged,1
splendid,1
marvel,1
gratitude,1
square,1
oblivion,1
pity,1
cinematic,1
julesostin,1
whimper,1
lithuania,1
enamored,1
transferred,1
criticize,1
cut,1
lived,1
boom,1
differently,1
hilary,1
true,1
hip,1
ron,1
80,1
beard,1
abounds,1
finances,1
deepika,1
philosopher,1
bachchan,1
indian,1
internthemovie,1
sexists,1
moms,1
sissies,1
wooden,1
animate,1
blossoming,1
robbie,1
promise,1
read,1
separate,1
undeniable,1
introspection,1
celebrates,1
hatherway,1
handed,1
hr,1
information,1
sermon,1
cloying,1
resumes,1
rubbish,1
sunny,1
photography,1
fault,1
dentist,1
wiser,1
topical,1
rewatching,1
throat,1
meet,1
improved,1
fellini,1
partnership,1
marketing,1
shouldn,1
rolling,1
underestimates,1
shortage,1
agiest,1
messages,1
big,1
dapper,1
directness,1
sociological,1
submissive,1
unevenness,1
suppose,1
setbacks,1
encourages,1
liberal,1
micromanagement,1
broken,1
almanac,1
purse,1
warehouses,1
funds,1
bankers,1
cougar,1
dropping,1
unfocused,1
socially,1
nora,1
ephron,1
dorchester,1
usa,1
note,1
complex,1
complicated,1
assistants,1
perspires,1
meg,1
pudding,1
drinkable,1
tasty,1
negative,1
yi,1
win,1
cents,1
blandness,1
unfortunately,1
seconds,1
footage,1
france,1
honors,1
pocket,1
parisian,1
false,1
lover,1
began,1
agent,1
chocolate,1
betrays,1
carol,1
endlessly,1
21,1
11,1
inevitable,1
shakespeare,1
feasible,1
clooney,1
wizardry,1
aristotle,1
dance,1
responsibilities,1
sighted,1
agony,1
cinephile,1
pulses,1
anthropology,1
placebo,1
vouchers,1
snacks,1
torture,1
toothbrushes,1
listening,1
stellar,1
overbearing,1
settlements,1
quiet,1
bullies,1
yep,1
meaningless,1
66,1
irishman,1
misleading,1
tocgether,1
controvertial,1
mothers,1
couch,1
unnecesary,1
identity,1
island,1
pinchable,1
santa,1
focusing,1
softens,1
marshmallow,1
dies,1
fluids,1
impressing,1
person,1
play,1
worths,1
picturized,1
threshold,1
steven,1
muse,1
land,1
nails,1
chill,1
choice,1
inconsistencies,1
mannequins,1
giggle,1
doors,1
dripping,1
dante,1
eastwood,1
astute,1
sentiments,1
meetings,1
pablum,1
advice,1
folks,1
patty,1
realizes,1
investors,1
awkwardness,1
yada,1
harsher,1
integrity,1
russelling,1
twilight,1
ipecac,1
deer,1
punch,1
extras,1
routine,1
historical,1
manager,1
driven,1
cloths,1
imagination,1
13,1
fairyland,1
comes,1
protector,1
unicorns,1
wants,1
embarrassment,1
murphy,1
coasts,1
uneventful,1
diabetes,1
fat,1
electric,1
pacino,1
hammy,1
slowest,1
weird,1
34,1
nominated,1
mention,1
praise,1
rachel,1
iconic,1
elaborate,1
clumsy,1
impresses,1
connections,1
subtly,1
buildings,1
vibrant,1
oprah,1
gallantry,1
genders,1
polemic,1
melo,1
managers,1
beautiful,1
sentence,1
samthebestest,1
lincoln,1
compromised,1
snarkiness,1
lonely,1
action,1
god,1
odds,1
nicholson,1
cashmere,1
synergy,1
relational,1
vidiot,1
dependents,1
pants,1
vidiotreviews,1
marketed,1
explosive,1
genuinely,1
anywho,1
jolly,1
lit,1
zac,1
catwoman,1
challenge,1
apparel,1
celia,1
agreeable,1
peaches,1
cow,1
resonates,1
memoirs,1
gong,1
soooooooooooo,1
morality,1
fogies,1
iphone,1
million,1
pro,1
steinbeck,1
fuc,1
flash,1
amusement,1
superwoman,1
cracks,1
convenient,1
personality,1
tighter,1
filmografen,1
immersing,1
directed,1
zero,1
figure,1
clue,1
gent,1
achiever,1
paint,1
commentators,1
christina,1
funke,1
coulld,1
china,1
associating,1
clowns,1
unnatural,1
shapes,1
nonetheless,1
wins,1
promoted,1
alienated,1
excused,1
tee,1
25th,1
freeman,1
whittacker,1
having,1
eldest,1
advisor,1
friemds,1
simplistic,1
knockouts,1
productive,1
understatement,1
books,1
pancakes,1
lukewarm,1
bos,1
yoda,1
revolutionary,1
forgetting,1
weeping,1
gag,1
dimensional,1
disagree,1
massaged,1
forgave,1
unpredictable,1
thirst,1
competencies,1
appearance,1
fatherly,1
garments,1
masculine,1
curb,1
horse,1
deeply,1
understanding,1
10s,1
forgives,1
rushing,1
careerism,1
fate,1
clicks,1
impact,1
midnight,1
expressive,1
matched,1
sonic,1
careful,1
relief,1
happier,1
shallowness,1
philosophy,1
labour,1
pay,1
elitism,1
sarc,1
portrayals,1
weaknesses,1
effect,1
hookie,1
stylish,1
adn,1
wittaker,1
humiliation,1
anons,1
filmaking,1
parodies,1
organized,1
focused,1
burning,1
prototypical,1
fulfillment,1
atf,1
relate,1
treasure,1
advertising,1
corleone,1
experiences,1
inten,1
melancholy,1
aesthetic,1
glow,1
flatlined,1
alcoholic,1
gambler,1
naughty,1
optimist,1
utopia,1
advices,1
willingly,1
vintage,1
odd,1
scale,1
outstanding,1
blind,1
sect,1
analogies,1
grimace,1
flesh,1
speech,1
teeth,1
polished,1
placements,1
punchy,1
dinner,1
chappy,1
professional,1
lied,1
puleeaasseee,1
breather,1
peddle,1
halfway,1
incredible,1
superation,1
fiel,1
grandson,1
gerontophobic,1
afraid,1
telephone,1
laptops,1
samsung,1
priorities,1
obsolete,1
lena,1
comedienne,1
francisco,1
1967,1
rewritten,1
aura,1
talks,1
treatment,1
eyes,1
guru,1
lightness,1
explosions,1
emote,1
cranial,1
strauss,1
reactionary,1
radicalism,1
wisdoms,1
explored,1
aww,1
golf,1
takeover,1
manicure,1
toddler,1
debacle,1
betting,1
apologized,1
nap,1
enjoying,1
nada,1
harp,1
eventually,1
nah,1
upset,1
probably,1
cuddle,1
wholesomeness,1
pleased,1
unique,1
monotonic,1
35,1
captialism,1
meritocracy,1
financial,1
rat,1
ruin,1
solid,1
comfort,1
vanilla,1
plausible,1
succeed,1
keithlovesmovies,1
stat,1
intention,1
tolerate,1
mistakes,1
justified,1
observant,1
hint,1
convinced,1
exist,1
reason,1
irony,1
married,1
dressing,1
serotonin,1
sweetly,1
needs,1
ease,1
devotion,1
conversation,1
distracted,1
uncommon,1
rolex,1
omega,1
interstellar,1
unfulfilling,1
autopilot,1
closer,1
lifts,1
guilt,1
month,1
chinese,1
stories,1
latino,1
stereotyping,1
somewhat,1
yells,1
personal,1
niros,1
disappoint,1
mesmerizes,1
unfold,1
gang,1
chaharacters,1
commercials,1
coworker,1
gloomy,1
power,1
quibble,1
charms,1
efficiently,1
takeaways,1
matured,1
received,1
blown,1
housebreak,1
helpless,1
unwind,1
living,1
winner,1
filming,1
priceless,1
supports,1
conquers,1
fleshed,1
parenting,1
mature,1
ooooh,1
cheater,1
replay,1
haters,1
cycling,1
housework,1
childcare,1
listens,1
behavior,1
begin,1
courage,1
hanker,1
enredo,1
desenvolvimento,1
estética,1
personagens,1
cuter,1
hethay,1
oldies,1
diva,1
hound,1
victim,1
eye,1
romances,1
antagonist,1
coincidence,1
bloomer,1
far,1
dreams,1
learning,1
grinning,1
bores,1
look,1
sell,1
base,1
forgiven,1
painful,1
reception,1
changed,1
complaining,1
exiting,1
disaster,1
corporates,1
depend,1
exercise,1
arrow,1
mindfulness,1
ps,1
understand,1
tremendous,1
bar,1
contrivances,1
overdone,1
endured,1
marvellous,1
dissapointing,1
dop,1
shots,1
crediting,1
explore,1
silent,1
etiquette,1
emily,1
rendezvous,1
spruce,1
bollywoodgupshup,1
instrument,1
page,1
headcount,1
nook,1
bother,1
wear,1
cary,1
breeding,1
climaxes,1
yoga,1
motivation,1
promises,1
elements,1
yuck,1
excellence,1
mission,1
shaggy,1
exuberant,1
trimmed,1
achievement,1
miserably,1
empathize,1
fineness,1
flawlessly,1
highlighting,1
iroh,1
doubts,1
styles,1
screentime,1
years,1
apologise,1
subjective,1
negativity,1
occasions,1
watcher,1
2020,1
cellphone,1
help,1
beer,1
males,1
sexes,1
confident,1
criticizing,1
venture,1
lopsided,1
exceptions,1
employer,1
table,1
justice,1
artist,1
blushed,1
commitment,1
package,1
manuscript,1
sympathetic,1
seven,1
nicely,1
tasks,1
disk,1
wonder,1
affected,1
demolished,1
princess,1
positively,1
workforce,1
forceful,1
theatres,1
flosses,1
touches,1
reminds,1
speak,1
don,1
surreal,1
respective,1
anxious,1
wealth,1
kindness,1
humanity,1
order,1
title,1
ambience,1
casablanca,1
decode,1
easygoing,1
mawkish,1
savoured,1
thrice,1
finally,1
cracked,1
hour,1
narration,1
sleeps,1
turtle,1
taboo,1
savvy,1
al,1
book,1
rewarding,1
esthetic,1
desire,1
simply,1
week,1
vibes,1
lyf,1
running,1
rush,1
cream,1
uncanny,1
inequality,1
dole,1
sitting,1
evidence,1
70s,1
beliefs,1
refuted,1
forgotten,1
winter,1
scenarist,1
elder,1
necessary,1
mismatched,1
lacks,1
avengers,1
stunnner,1
bla,1
thriller,1
remembered,1
hold,1
ignore,1
doing,1
paragraph,1
bruh,1
expertise,1
watchlist,1
seed,1
openness,1
irreplaceable,1
motive,1
superficial,1
takeaway,1
flow,1
disturb,1
rare,1
teens,1
grr,1
friendly,1
nabokov,1
filmography,1
contrasts,1
scorsese,1
magical,1
cork,1
padawan,1
hesitate,1
kate,1
bonding,1
affection,1
investing,1
ve,1
molecule,1
3po,1
challenges,1
slanders,1
testing,1
sorry,1
touch,1
frazzled,1
silly,1
nude,1
loyalty,1
moving,1
reconciliation,1
biblical,1
parda,1
lifestyle,1
compromises,1
playground,1
hides,1
suicide,1
medicine,1
parkinson,1
patients,1
stigmatizing,1
poison,1
altruist,1
humanism,1
taichi,1
thrilling,1
anderson,1
oppressed,1
situation,1
oversee,1
trusts,1
familial,1
decade,1
pared,1
extraneous,1
handkarchief,1
knowledges,1
filmed,1
setting,1
easiest,1
willed,1
casted,1
compare,1
struggle,1
strength,1
screenwriter,1
